﻿geography,status_in_canada,reference_period,number
Canada,All,1992 / 1993,"885,645"
Canada,All,1993 / 1994,"874,605"
Canada,All,1994 / 1995,"858,972"
Canada,All,1995 / 1996,"846,408"
Canada,All,1996 / 1997,"829,767"
Canada,All,1997 / 1998,"822,774"
Canada,All,1998 / 1999,"826,362"
Canada,All,1999 / 2000,"846,597"
Canada,All,2000 / 2001,"850,416"
Canada,All,2001 / 2002,"885,942"
Canada,All,2002 / 2003,"935,862"
Canada,All,2003 / 2004,"994,239"
Canada,All,2004 / 2005,"1,020,678"
Canada,All,2005 / 2006,"1,050,825"
Canada,All,2006 / 2007,"1,066,926"
Canada,All,2007 / 2008,"1,072,902"
Canada,All,2008 / 2009,"1,112,592"
Canada,All,2009 / 2010,"1,199,451"
Canada,All,2010 / 2011,"1,234,140"
Canada,All,2011 / 2012,"1,260,222"
Canada,All,2012 / 2013,"1,281,690"
Canada,All,2013 / 2014,"1,298,961"
Canada,All,2014 / 2015,"1,303,743"
Canada,All,2015 / 2016,"1,306,035"
Canada,All,2016 / 2017,"1,320,558"
Canada,All,2017 / 2018,"1,341,351"
Canada,domestic,1992 / 1993,"848,823"
Canada,domestic,1993 / 1994,"839,154"
Canada,domestic,1994 / 1995,"825,546"
Canada,domestic,1995 / 1996,"814,974"
Canada,domestic,1996 / 1997,"798,087"
Canada,domestic,1997 / 1998,"789,867"
Canada,domestic,1998 / 1999,"790,806"
Canada,domestic,1999 / 2000,"806,199"
Canada,domestic,2000 / 2001,"804,693"
Canada,domestic,2001 / 2002,"833,367"
Canada,domestic,2002 / 2003,"875,943"
Canada,domestic,2003 / 2004,"924,096"
Canada,domestic,2004 / 2005,"944,037"
Canada,domestic,2005 / 2006,"969,171"
Canada,domestic,2006 / 2007,"984,426"
Canada,domestic,2007 / 2008,"989,001"
Canada,domestic,2008 / 2009,"1,024,257"
Canada,domestic,2009 / 2010,"1,100,319"
Canada,domestic,2010 / 2011,"1,126,551"
Canada,domestic,2011 / 2012,"1,140,195"
Canada,domestic,2012 / 2013,"1,149,822"
Canada,domestic,2013 / 2014,"1,154,223"
Canada,domestic,2014 / 2015,"1,143,897"
Canada,domestic,2015 / 2016,"1,136,955"
Canada,domestic,2016 / 2017,"1,140,672"
Canada,domestic,2017 / 2018,"1,144,470"
Canada,international,1992 / 1993,"36,822"
Canada,international,1993 / 1994,"35,451"
Canada,international,1994 / 1995,"33,426"
Canada,international,1995 / 1996,"31,437"
Canada,international,1996 / 1997,"31,683"
Canada,international,1997 / 1998,"32,904"
Canada,international,1998 / 1999,"35,556"
Canada,international,1999 / 2000,"40,398"
Canada,international,2000 / 2001,"45,720"
Canada,international,2001 / 2002,"52,572"
Canada,international,2002 / 2003,"59,919"
Canada,international,2003 / 2004,"70,140"
Canada,international,2004 / 2005,"76,098"
Canada,international,2005 / 2006,"80,580"
Canada,international,2006 / 2007,"81,885"
Canada,international,2007 / 2008,"83,607"
Canada,international,2008 / 2009,"88,014"
Canada,international,2009 / 2010,"98,874"
Canada,international,2010 / 2011,"107,514"
Canada,international,2011 / 2012,"119,889"
Canada,international,2012 / 2013,"131,739"
Canada,international,2013 / 2014,"144,351"
Canada,international,2014 / 2015,"159,405"
Canada,international,2015 / 2016,"168,591"
Canada,international,2016 / 2017,"179,796"
Canada,international,2017 / 2018,"196,563"
Newfoundland and Labrador,All,1992 / 1993,"17,856"
Newfoundland and Labrador,All,1993 / 1994,"17,397"
Newfoundland and Labrador,All,1994 / 1995,"17,169"
Newfoundland and Labrador,All,1995 / 1996,"16,215"
Newfoundland and Labrador,All,1996 / 1997,"16,053"
Newfoundland and Labrador,All,1997 / 1998,"15,798"
Newfoundland and Labrador,All,1998 / 1999,"15,711"
Newfoundland and Labrador,All,1999 / 2000,"16,413"
Newfoundland and Labrador,All,2000 / 2001,"16,287"
Newfoundland and Labrador,All,2001 / 2002,"16,377"
Newfoundland and Labrador,All,2002 / 2003,"17,010"
Newfoundland and Labrador,All,2003 / 2004,"17,625"
Newfoundland and Labrador,All,2004 / 2005,"18,117"
Newfoundland and Labrador,All,2005 / 2006,"18,396"
Newfoundland and Labrador,All,2006 / 2007,"17,913"
Newfoundland and Labrador,All,2007 / 2008,"17,649"
Newfoundland and Labrador,All,2008 / 2009,"17,436"
Newfoundland and Labrador,All,2009 / 2010,"17,967"
Newfoundland and Labrador,All,2010 / 2011,"18,324"
Newfoundland and Labrador,All,2011 / 2012,"18,417"
Newfoundland and Labrador,All,2012 / 2013,"18,615"
Newfoundland and Labrador,All,2013 / 2014,"18,096"
Newfoundland and Labrador,All,2014 / 2015,"17,940"
Newfoundland and Labrador,All,2015 / 2016,"18,024"
Newfoundland and Labrador,All,2016 / 2017,"17,910"
Newfoundland and Labrador,All,2017 / 2018,"17,835"
Newfoundland and Labrador,domestic,1992 / 1993,"17,385"
Newfoundland and Labrador,domestic,1993 / 1994,"16,926"
Newfoundland and Labrador,domestic,1994 / 1995,"16,752"
Newfoundland and Labrador,domestic,1995 / 1996,"15,804"
Newfoundland and Labrador,domestic,1996 / 1997,"15,699"
Newfoundland and Labrador,domestic,1997 / 1998,"15,399"
Newfoundland and Labrador,domestic,1998 / 1999,"15,276"
Newfoundland and Labrador,domestic,1999 / 2000,"15,990"
Newfoundland and Labrador,domestic,2000 / 2001,"15,897"
Newfoundland and Labrador,domestic,2001 / 2002,"15,966"
Newfoundland and Labrador,domestic,2002 / 2003,"16,524"
Newfoundland and Labrador,domestic,2003 / 2004,"16,998"
Newfoundland and Labrador,domestic,2004 / 2005,"17,334"
Newfoundland and Labrador,domestic,2005 / 2006,"17,451"
Newfoundland and Labrador,domestic,2006 / 2007,"16,935"
Newfoundland and Labrador,domestic,2007 / 2008,"16,635"
Newfoundland and Labrador,domestic,2008 / 2009,"16,467"
Newfoundland and Labrador,domestic,2009 / 2010,"16,842"
Newfoundland and Labrador,domestic,2010 / 2011,"16,989"
Newfoundland and Labrador,domestic,2011 / 2012,"16,896"
Newfoundland and Labrador,domestic,2012 / 2013,"16,791"
Newfoundland and Labrador,domestic,2013 / 2014,"16,191"
Newfoundland and Labrador,domestic,2014 / 2015,"15,813"
Newfoundland and Labrador,domestic,2015 / 2016,"15,717"
Newfoundland and Labrador,domestic,2016 / 2017,"15,405"
Newfoundland and Labrador,domestic,2017 / 2018,"15,030"
Newfoundland and Labrador,international,1992 / 1993,471
Newfoundland and Labrador,international,1993 / 1994,471
Newfoundland and Labrador,international,1994 / 1995,417
Newfoundland and Labrador,international,1995 / 1996,411
Newfoundland and Labrador,international,1996 / 1997,357
Newfoundland and Labrador,international,1997 / 1998,396
Newfoundland and Labrador,international,1998 / 1999,435
Newfoundland and Labrador,international,1999 / 2000,420
Newfoundland and Labrador,international,2000 / 2001,390
Newfoundland and Labrador,international,2001 / 2002,411
Newfoundland and Labrador,international,2002 / 2003,486
Newfoundland and Labrador,international,2003 / 2004,627
Newfoundland and Labrador,international,2004 / 2005,780
Newfoundland and Labrador,international,2005 / 2006,948
Newfoundland and Labrador,international,2006 / 2007,975
Newfoundland and Labrador,international,2007 / 2008,"1,014"
Newfoundland and Labrador,international,2008 / 2009,969
Newfoundland and Labrador,international,2009 / 2010,"1,125"
Newfoundland and Labrador,international,2010 / 2011,"1,335"
Newfoundland and Labrador,international,2011 / 2012,"1,521"
Newfoundland and Labrador,international,2012 / 2013,"1,821"
Newfoundland and Labrador,international,2013 / 2014,"1,908"
Newfoundland and Labrador,international,2014 / 2015,"2,124"
Newfoundland and Labrador,international,2015 / 2016,"2,307"
Newfoundland and Labrador,international,2016 / 2017,"2,499"
Newfoundland and Labrador,international,2017 / 2018,"2,808"
Prince Edward Island,All,1992 / 1993,"3,636"
Prince Edward Island,All,1993 / 1994,"3,468"
Prince Edward Island,All,1994 / 1995,"3,132"
Prince Edward Island,All,1995 / 1996,"2,901"
Prince Edward Island,All,1996 / 1997,"2,739"
Prince Edward Island,All,1997 / 1998,"2,934"
Prince Edward Island,All,1998 / 1999,"2,886"
Prince Edward Island,All,1999 / 2000,"3,096"
Prince Edward Island,All,2000 / 2001,"3,366"
Prince Edward Island,All,2001 / 2002,"3,351"
Prince Edward Island,All,2002 / 2003,"3,564"
Prince Edward Island,All,2003 / 2004,"3,849"
Prince Edward Island,All,2004 / 2005,"3,972"
Prince Edward Island,All,2005 / 2006,"3,783"
Prince Edward Island,All,2006 / 2007,"3,999"
Prince Edward Island,All,2007 / 2008,"3,840"
Prince Edward Island,All,2008 / 2009,"4,089"
Prince Edward Island,All,2009 / 2010,"4,227"
Prince Edward Island,All,2010 / 2011,"4,401"
Prince Edward Island,All,2011 / 2012,"4,491"
Prince Edward Island,All,2012 / 2013,"4,362"
Prince Edward Island,All,2013 / 2014,"4,197"
Prince Edward Island,All,2014 / 2015,"4,248"
Prince Edward Island,All,2015 / 2016,"4,182"
Prince Edward Island,All,2016 / 2017,"4,197"
Prince Edward Island,All,2017 / 2018,"4,377"
Prince Edward Island,domestic,1992 / 1993,"3,570"
Prince Edward Island,domestic,1993 / 1994,"3,405"
Prince Edward Island,domestic,1994 / 1995,"3,075"
Prince Edward Island,domestic,1995 / 1996,"2,841"
Prince Edward Island,domestic,1996 / 1997,"2,676"
Prince Edward Island,domestic,1997 / 1998,"2,865"
Prince Edward Island,domestic,1998 / 1999,"2,796"
Prince Edward Island,domestic,1999 / 2000,"3,000"
Prince Edward Island,domestic,2000 / 2001,"3,240"
Prince Edward Island,domestic,2001 / 2002,"3,213"
Prince Edward Island,domestic,2002 / 2003,"3,408"
Prince Edward Island,domestic,2003 / 2004,"3,669"
Prince Edward Island,domestic,2004 / 2005,"3,756"
Prince Edward Island,domestic,2005 / 2006,"3,570"
Prince Edward Island,domestic,2006 / 2007,"3,744"
Prince Edward Island,domestic,2007 / 2008,"3,579"
Prince Edward Island,domestic,2008 / 2009,"3,765"
Prince Edward Island,domestic,2009 / 2010,"3,852"
Prince Edward Island,domestic,2010 / 2011,"3,954"
Prince Edward Island,domestic,2011 / 2012,"3,996"
Prince Edward Island,domestic,2012 / 2013,"3,852"
Prince Edward Island,domestic,2013 / 2014,"3,672"
Prince Edward Island,domestic,2014 / 2015,"3,627"
Prince Edward Island,domestic,2015 / 2016,"3,459"
Prince Edward Island,domestic,2016 / 2017,"3,387"
Prince Edward Island,domestic,2017 / 2018,"3,426"
Prince Edward Island,international,1992 / 1993,69
Prince Edward Island,international,1993 / 1994,63
Prince Edward Island,international,1994 / 1995,57
Prince Edward Island,international,1995 / 1996,60
Prince Edward Island,international,1996 / 1997,63
Prince Edward Island,international,1997 / 1998,72
Prince Edward Island,international,1998 / 1999,90
Prince Edward Island,international,1999 / 2000,96
Prince Edward Island,international,2000 / 2001,123
Prince Edward Island,international,2001 / 2002,141
Prince Edward Island,international,2002 / 2003,153
Prince Edward Island,international,2003 / 2004,180
Prince Edward Island,international,2004 / 2005,216
Prince Edward Island,international,2005 / 2006,213
Prince Edward Island,international,2006 / 2007,252
Prince Edward Island,international,2007 / 2008,258
Prince Edward Island,international,2008 / 2009,321
Prince Edward Island,international,2009 / 2010,378
Prince Edward Island,international,2010 / 2011,450
Prince Edward Island,international,2011 / 2012,498
Prince Edward Island,international,2012 / 2013,510
Prince Edward Island,international,2013 / 2014,525
Prince Edward Island,international,2014 / 2015,624
Prince Edward Island,international,2015 / 2016,726
Prince Edward Island,international,2016 / 2017,810
Prince Edward Island,international,2017 / 2018,948
Nova Scotia,All,1992 / 1993,"37,881"
Nova Scotia,All,1993 / 1994,"37,983"
Nova Scotia,All,1994 / 1995,"37,245"
Nova Scotia,All,1995 / 1996,"36,639"
Nova Scotia,All,1996 / 1997,"36,834"
Nova Scotia,All,1997 / 1998,"37,083"
Nova Scotia,All,1998 / 1999,"37,242"
Nova Scotia,All,1999 / 2000,"37,293"
Nova Scotia,All,2000 / 2001,"39,240"
Nova Scotia,All,2001 / 2002,"40,806"
Nova Scotia,All,2002 / 2003,"42,042"
Nova Scotia,All,2003 / 2004,"44,922"
Nova Scotia,All,2004 / 2005,"43,809"
Nova Scotia,All,2005 / 2006,"43,485"
Nova Scotia,All,2006 / 2007,"42,621"
Nova Scotia,All,2007 / 2008,"41,571"
Nova Scotia,All,2008 / 2009,"41,088"
Nova Scotia,All,2009 / 2010,"41,907"
Nova Scotia,All,2010 / 2011,"42,714"
Nova Scotia,All,2011 / 2012,"43,311"
Nova Scotia,All,2012 / 2013,"43,827"
Nova Scotia,All,2013 / 2014,"43,902"
Nova Scotia,All,2014 / 2015,"43,926"
Nova Scotia,All,2015 / 2016,"43,128"
Nova Scotia,All,2016 / 2017,"42,996"
Nova Scotia,All,2017 / 2018,"42,801"
Nova Scotia,domestic,1992 / 1993,"36,114"
Nova Scotia,domestic,1993 / 1994,"36,303"
Nova Scotia,domestic,1994 / 1995,"35,655"
Nova Scotia,domestic,1995 / 1996,"35,196"
Nova Scotia,domestic,1996 / 1997,"35,238"
Nova Scotia,domestic,1997 / 1998,"35,412"
Nova Scotia,domestic,1998 / 1999,"35,370"
Nova Scotia,domestic,1999 / 2000,"35,118"
Nova Scotia,domestic,2000 / 2001,"36,879"
Nova Scotia,domestic,2001 / 2002,"38,151"
Nova Scotia,domestic,2002 / 2003,"38,898"
Nova Scotia,domestic,2003 / 2004,"41,001"
Nova Scotia,domestic,2004 / 2005,"39,684"
Nova Scotia,domestic,2005 / 2006,"39,159"
Nova Scotia,domestic,2006 / 2007,"38,712"
Nova Scotia,domestic,2007 / 2008,"37,698"
Nova Scotia,domestic,2008 / 2009,"37,281"
Nova Scotia,domestic,2009 / 2010,"37,518"
Nova Scotia,domestic,2010 / 2011,"37,671"
Nova Scotia,domestic,2011 / 2012,"37,482"
Nova Scotia,domestic,2012 / 2013,"37,257"
Nova Scotia,domestic,2013 / 2014,"36,963"
Nova Scotia,domestic,2014 / 2015,"36,447"
Nova Scotia,domestic,2015 / 2016,"35,466"
Nova Scotia,domestic,2016 / 2017,"34,857"
Nova Scotia,domestic,2017 / 2018,"34,347"
Nova Scotia,international,1992 / 1993,"1,764"
Nova Scotia,international,1993 / 1994,"1,683"
Nova Scotia,international,1994 / 1995,"1,593"
Nova Scotia,international,1995 / 1996,"1,446"
Nova Scotia,international,1996 / 1997,"1,596"
Nova Scotia,international,1997 / 1998,"1,671"
Nova Scotia,international,1998 / 1999,"1,869"
Nova Scotia,international,1999 / 2000,"2,172"
Nova Scotia,international,2000 / 2001,"2,358"
Nova Scotia,international,2001 / 2002,"2,652"
Nova Scotia,international,2002 / 2003,"3,144"
Nova Scotia,international,2003 / 2004,"3,921"
Nova Scotia,international,2004 / 2005,"4,125"
Nova Scotia,international,2005 / 2006,"4,323"
Nova Scotia,international,2006 / 2007,"3,909"
Nova Scotia,international,2007 / 2008,"3,873"
Nova Scotia,international,2008 / 2009,"3,807"
Nova Scotia,international,2009 / 2010,"4,389"
Nova Scotia,international,2010 / 2011,"5,043"
Nova Scotia,international,2011 / 2012,"5,829"
Nova Scotia,international,2012 / 2013,"6,570"
Nova Scotia,international,2013 / 2014,"6,942"
Nova Scotia,international,2014 / 2015,"7,476"
Nova Scotia,international,2015 / 2016,"7,662"
Nova Scotia,international,2016 / 2017,"8,139"
Nova Scotia,international,2017 / 2018,"8,454"
New Brunswick,All,1992 / 1993,"24,822"
New Brunswick,All,1993 / 1994,"25,059"
New Brunswick,All,1994 / 1995,"24,783"
New Brunswick,All,1995 / 1996,"24,798"
New Brunswick,All,1996 / 1997,"23,628"
New Brunswick,All,1997 / 1998,"22,686"
New Brunswick,All,1998 / 1999,"22,767"
New Brunswick,All,1999 / 2000,"22,425"
New Brunswick,All,2000 / 2001,"23,850"
New Brunswick,All,2001 / 2002,"24,450"
New Brunswick,All,2002 / 2003,"24,768"
New Brunswick,All,2003 / 2004,"25,641"
New Brunswick,All,2004 / 2005,"24,993"
New Brunswick,All,2005 / 2006,"25,143"
New Brunswick,All,2006 / 2007,"23,919"
New Brunswick,All,2007 / 2008,"23,790"
New Brunswick,All,2008 / 2009,"23,160"
New Brunswick,All,2009 / 2010,"23,352"
New Brunswick,All,2010 / 2011,"23,421"
New Brunswick,All,2011 / 2012,"23,250"
New Brunswick,All,2012 / 2013,"22,644"
New Brunswick,All,2013 / 2014,"21,843"
New Brunswick,All,2014 / 2015,"20,733"
New Brunswick,All,2015 / 2016,"19,848"
New Brunswick,All,2016 / 2017,"19,428"
New Brunswick,All,2017 / 2018,"18,981"
New Brunswick,domestic,1992 / 1993,"24,078"
New Brunswick,domestic,1993 / 1994,"24,378"
New Brunswick,domestic,1994 / 1995,"24,156"
New Brunswick,domestic,1995 / 1996,"24,147"
New Brunswick,domestic,1996 / 1997,"22,989"
New Brunswick,domestic,1997 / 1998,"22,020"
New Brunswick,domestic,1998 / 1999,"21,900"
New Brunswick,domestic,1999 / 2000,"21,189"
New Brunswick,domestic,2000 / 2001,"22,236"
New Brunswick,domestic,2001 / 2002,"22,515"
New Brunswick,domestic,2002 / 2003,"22,644"
New Brunswick,domestic,2003 / 2004,"23,226"
New Brunswick,domestic,2004 / 2005,"22,488"
New Brunswick,domestic,2005 / 2006,"22,638"
New Brunswick,domestic,2006 / 2007,"21,507"
New Brunswick,domestic,2007 / 2008,"21,072"
New Brunswick,domestic,2008 / 2009,"20,499"
New Brunswick,domestic,2009 / 2010,"20,379"
New Brunswick,domestic,2010 / 2011,"20,178"
New Brunswick,domestic,2011 / 2012,"19,860"
New Brunswick,domestic,2012 / 2013,"19,350"
New Brunswick,domestic,2013 / 2014,"18,420"
New Brunswick,domestic,2014 / 2015,"17,454"
New Brunswick,domestic,2015 / 2016,"16,965"
New Brunswick,domestic,2016 / 2017,"16,617"
New Brunswick,domestic,2017 / 2018,"16,380"
New Brunswick,international,1992 / 1993,747
New Brunswick,international,1993 / 1994,681
New Brunswick,international,1994 / 1995,627
New Brunswick,international,1995 / 1996,651
New Brunswick,international,1996 / 1997,642
New Brunswick,international,1997 / 1998,663
New Brunswick,international,1998 / 1999,867
New Brunswick,international,1999 / 2000,"1,239"
New Brunswick,international,2000 / 2001,"1,611"
New Brunswick,international,2001 / 2002,"1,938"
New Brunswick,international,2002 / 2003,"2,127"
New Brunswick,international,2003 / 2004,"2,415"
New Brunswick,international,2004 / 2005,"2,505"
New Brunswick,international,2005 / 2006,"2,505"
New Brunswick,international,2006 / 2007,"2,409"
New Brunswick,international,2007 / 2008,"2,721"
New Brunswick,international,2008 / 2009,"2,658"
New Brunswick,international,2009 / 2010,"2,973"
New Brunswick,international,2010 / 2011,"3,243"
New Brunswick,international,2011 / 2012,"3,390"
New Brunswick,international,2012 / 2013,"3,291"
New Brunswick,international,2013 / 2014,"3,423"
New Brunswick,international,2014 / 2015,"3,279"
New Brunswick,international,2015 / 2016,"2,883"
New Brunswick,international,2016 / 2017,"2,814"
New Brunswick,international,2017 / 2018,"2,601"
Quebec,All,1992 / 1993,"257,472"
Quebec,All,1993 / 1994,"255,552"
Quebec,All,1994 / 1995,"248,421"
Quebec,All,1995 / 1996,"242,031"
Quebec,All,1996 / 1997,"235,692"
Quebec,All,1997 / 1998,"232,095"
Quebec,All,1998 / 1999,"232,278"
Quebec,All,1999 / 2000,"237,855"
Quebec,All,2000 / 2001,"233,652"
Quebec,All,2001 / 2002,"240,684"
Quebec,All,2002 / 2003,"250,821"
Quebec,All,2003 / 2004,"260,070"
Quebec,All,2004 / 2005,"263,406"
Quebec,All,2005 / 2006,"266,010"
Quebec,All,2006 / 2007,"266,712"
Quebec,All,2007 / 2008,"268,011"
Quebec,All,2008 / 2009,"269,097"
Quebec,All,2009 / 2010,"277,398"
Quebec,All,2010 / 2011,"287,475"
Quebec,All,2011 / 2012,"294,525"
Quebec,All,2012 / 2013,"300,612"
Quebec,All,2013 / 2014,"307,548"
Quebec,All,2014 / 2015,"314,079"
Quebec,All,2015 / 2016,"314,454"
Quebec,All,2016 / 2017,"316,053"
Quebec,All,2017 / 2018,"319,671"
Quebec,domestic,1992 / 1993,"247,278"
Quebec,domestic,1993 / 1994,"245,058"
Quebec,domestic,1994 / 1995,"237,504"
Quebec,domestic,1995 / 1996,"231,057"
Quebec,domestic,1996 / 1997,"224,100"
Quebec,domestic,1997 / 1998,"219,807"
Quebec,domestic,1998 / 1999,"219,105"
Quebec,domestic,1999 / 2000,"222,900"
Quebec,domestic,2000 / 2001,"217,986"
Quebec,domestic,2001 / 2002,"223,149"
Quebec,domestic,2002 / 2003,"231,465"
Quebec,domestic,2003 / 2004,"238,854"
Quebec,domestic,2004 / 2005,"242,214"
Quebec,domestic,2005 / 2006,"244,365"
Quebec,domestic,2006 / 2007,"244,581"
Quebec,domestic,2007 / 2008,"245,391"
Quebec,domestic,2008 / 2009,"246,213"
Quebec,domestic,2009 / 2010,"252,615"
Quebec,domestic,2010 / 2011,"260,943"
Quebec,domestic,2011 / 2012,"266,172"
Quebec,domestic,2012 / 2013,"269,643"
Quebec,domestic,2013 / 2014,"274,458"
Quebec,domestic,2014 / 2015,"277,491"
Quebec,domestic,2015 / 2016,"276,159"
Quebec,domestic,2016 / 2017,"276,270"
Quebec,domestic,2017 / 2018,"276,780"
Quebec,international,1992 / 1993,"10,194"
Quebec,international,1993 / 1994,"10,497"
Quebec,international,1994 / 1995,"10,917"
Quebec,international,1995 / 1996,"10,977"
Quebec,international,1996 / 1997,"11,595"
Quebec,international,1997 / 1998,"12,288"
Quebec,international,1998 / 1999,"13,173"
Quebec,international,1999 / 2000,"14,955"
Quebec,international,2000 / 2001,"15,663"
Quebec,international,2001 / 2002,"17,535"
Quebec,international,2002 / 2003,"19,356"
Quebec,international,2003 / 2004,"21,216"
Quebec,international,2004 / 2005,"21,192"
Quebec,international,2005 / 2006,"21,645"
Quebec,international,2006 / 2007,"22,134"
Quebec,international,2007 / 2008,"22,623"
Quebec,international,2008 / 2009,"22,884"
Quebec,international,2009 / 2010,"24,780"
Quebec,international,2010 / 2011,"26,529"
Quebec,international,2011 / 2012,"28,353"
Quebec,international,2012 / 2013,"30,969"
Quebec,international,2013 / 2014,"33,090"
Quebec,international,2014 / 2015,"36,588"
Quebec,international,2015 / 2016,"38,295"
Quebec,international,2016 / 2017,"39,780"
Quebec,international,2017 / 2018,"42,888"
Ontario,All,1992 / 1993,"339,048"
Ontario,All,1993 / 1994,"330,723"
Ontario,All,1994 / 1995,"324,387"
Ontario,All,1995 / 1996,"319,413"
Ontario,All,1996 / 1997,"306,834"
Ontario,All,1997 / 1998,"303,408"
Ontario,All,1998 / 1999,"302,943"
Ontario,All,1999 / 2000,"312,411"
Ontario,All,2000 / 2001,"320,178"
Ontario,All,2001 / 2002,"335,805"
Ontario,All,2002 / 2003,"362,745"
Ontario,All,2003 / 2004,"397,776"
Ontario,All,2004 / 2005,"413,280"
Ontario,All,2005 / 2006,"430,887"
Ontario,All,2006 / 2007,"440,274"
Ontario,All,2007 / 2008,"446,094"
Ontario,All,2008 / 2009,"448,371"
Ontario,All,2009 / 2010,"468,834"
Ontario,All,2010 / 2011,"483,780"
Ontario,All,2011 / 2012,"495,909"
Ontario,All,2012 / 2013,"504,972"
Ontario,All,2013 / 2014,"512,712"
Ontario,All,2014 / 2015,"516,672"
Ontario,All,2015 / 2016,"518,568"
Ontario,All,2016 / 2017,"527,463"
Ontario,All,2017 / 2018,"533,316"
Ontario,domestic,1992 / 1993,"325,293"
Ontario,domestic,1993 / 1994,"318,360"
Ontario,domestic,1994 / 1995,"313,893"
Ontario,domestic,1995 / 1996,"310,044"
Ontario,domestic,1996 / 1997,"297,861"
Ontario,domestic,1997 / 1998,"294,363"
Ontario,domestic,1998 / 1999,"293,109"
Ontario,domestic,1999 / 2000,"300,687"
Ontario,domestic,2000 / 2001,"306,180"
Ontario,domestic,2001 / 2002,"318,543"
Ontario,domestic,2002 / 2003,"341,562"
Ontario,domestic,2003 / 2004,"373,332"
Ontario,domestic,2004 / 2005,"386,166"
Ontario,domestic,2005 / 2006,"402,384"
Ontario,domestic,2006 / 2007,"411,711"
Ontario,domestic,2007 / 2008,"417,225"
Ontario,domestic,2008 / 2009,"418,662"
Ontario,domestic,2009 / 2010,"436,806"
Ontario,domestic,2010 / 2011,"448,986"
Ontario,domestic,2011 / 2012,"457,119"
Ontario,domestic,2012 / 2013,"461,598"
Ontario,domestic,2013 / 2014,"464,256"
Ontario,domestic,2014 / 2015,"461,901"
Ontario,domestic,2015 / 2016,"459,384"
Ontario,domestic,2016 / 2017,"462,528"
Ontario,domestic,2017 / 2018,"461,238"
Ontario,international,1992 / 1993,"13,758"
Ontario,international,1993 / 1994,"12,360"
Ontario,international,1994 / 1995,"10,494"
Ontario,international,1995 / 1996,"9,369"
Ontario,international,1996 / 1997,"8,973"
Ontario,international,1997 / 1998,"9,048"
Ontario,international,1998 / 1999,"9,834"
Ontario,international,1999 / 2000,"11,724"
Ontario,international,2000 / 2001,"13,998"
Ontario,international,2001 / 2002,"17,262"
Ontario,international,2002 / 2003,"21,180"
Ontario,international,2003 / 2004,"24,444"
Ontario,international,2004 / 2005,"27,117"
Ontario,international,2005 / 2006,"28,500"
Ontario,international,2006 / 2007,"28,560"
Ontario,international,2007 / 2008,"28,866"
Ontario,international,2008 / 2009,"29,709"
Ontario,international,2009 / 2010,"32,028"
Ontario,international,2010 / 2011,"34,791"
Ontario,international,2011 / 2012,"38,787"
Ontario,international,2012 / 2013,"43,371"
Ontario,international,2013 / 2014,"48,453"
Ontario,international,2014 / 2015,"54,771"
Ontario,international,2015 / 2016,"59,184"
Ontario,international,2016 / 2017,"64,932"
Ontario,international,2017 / 2018,"72,078"
Manitoba,All,1992 / 1993,"37,587"
Manitoba,All,1993 / 1994,"37,056"
Manitoba,All,1994 / 1995,"35,769"
Manitoba,All,1995 / 1996,"33,408"
Manitoba,All,1996 / 1997,"32,055"
Manitoba,All,1997 / 1998,"30,822"
Manitoba,All,1998 / 1999,"30,735"
Manitoba,All,1999 / 2000,"30,696"
Manitoba,All,2000 / 2001,"31,944"
Manitoba,All,2001 / 2002,"34,146"
Manitoba,All,2002 / 2003,"35,535"
Manitoba,All,2003 / 2004,"38,337"
Manitoba,All,2004 / 2005,"39,690"
Manitoba,All,2005 / 2006,"39,984"
Manitoba,All,2006 / 2007,"40,236"
Manitoba,All,2007 / 2008,"39,537"
Manitoba,All,2008 / 2009,"41,838"
Manitoba,All,2009 / 2010,"43,137"
Manitoba,All,2010 / 2011,"43,611"
Manitoba,All,2011 / 2012,"44,508"
Manitoba,All,2012 / 2013,"45,261"
Manitoba,All,2013 / 2014,"45,894"
Manitoba,All,2014 / 2015,"46,071"
Manitoba,All,2015 / 2016,"46,527"
Manitoba,All,2016 / 2017,"46,674"
Manitoba,All,2017 / 2018,"46,596"
Manitoba,domestic,1992 / 1993,"35,565"
Manitoba,domestic,1993 / 1994,"35,061"
Manitoba,domestic,1994 / 1995,"34,059"
Manitoba,domestic,1995 / 1996,"32,064"
Manitoba,domestic,1996 / 1997,"30,930"
Manitoba,domestic,1997 / 1998,"29,766"
Manitoba,domestic,1998 / 1999,"29,730"
Manitoba,domestic,1999 / 2000,"29,586"
Manitoba,domestic,2000 / 2001,"30,762"
Manitoba,domestic,2001 / 2002,"32,832"
Manitoba,domestic,2002 / 2003,"33,984"
Manitoba,domestic,2003 / 2004,"36,144"
Manitoba,domestic,2004 / 2005,"36,888"
Manitoba,domestic,2005 / 2006,"36,849"
Manitoba,domestic,2006 / 2007,"36,927"
Manitoba,domestic,2007 / 2008,"36,507"
Manitoba,domestic,2008 / 2009,"38,988"
Manitoba,domestic,2009 / 2010,"40,266"
Manitoba,domestic,2010 / 2011,"40,614"
Manitoba,domestic,2011 / 2012,"41,049"
Manitoba,domestic,2012 / 2013,"41,229"
Manitoba,domestic,2013 / 2014,"40,911"
Manitoba,domestic,2014 / 2015,"40,323"
Manitoba,domestic,2015 / 2016,"40,326"
Manitoba,domestic,2016 / 2017,"40,362"
Manitoba,domestic,2017 / 2018,"39,879"
Manitoba,international,1992 / 1993,"2,022"
Manitoba,international,1993 / 1994,"1,992"
Manitoba,international,1994 / 1995,"1,710"
Manitoba,international,1995 / 1996,"1,344"
Manitoba,international,1996 / 1997,"1,125"
Manitoba,international,1997 / 1998,"1,056"
Manitoba,international,1998 / 1999,"1,005"
Manitoba,international,1999 / 2000,"1,107"
Manitoba,international,2000 / 2001,"1,185"
Manitoba,international,2001 / 2002,"1,314"
Manitoba,international,2002 / 2003,"1,551"
Manitoba,international,2003 / 2004,"2,193"
Manitoba,international,2004 / 2005,"2,805"
Manitoba,international,2005 / 2006,"3,138"
Manitoba,international,2006 / 2007,"3,309"
Manitoba,international,2007 / 2008,"3,030"
Manitoba,international,2008 / 2009,"2,847"
Manitoba,international,2009 / 2010,"2,874"
Manitoba,international,2010 / 2011,"3,000"
Manitoba,international,2011 / 2012,"3,456"
Manitoba,international,2012 / 2013,"3,990"
Manitoba,international,2013 / 2014,"4,698"
Manitoba,international,2014 / 2015,"5,382"
Manitoba,international,2015 / 2016,"5,859"
Manitoba,international,2016 / 2017,"6,309"
Manitoba,international,2017 / 2018,"6,693"
Saskatchewan,All,1992 / 1993,"32,895"
Saskatchewan,All,1993 / 1994,"31,707"
Saskatchewan,All,1994 / 1995,"31,248"
Saskatchewan,All,1995 / 1996,"31,575"
Saskatchewan,All,1996 / 1997,"31,320"
Saskatchewan,All,1997 / 1998,"31,227"
Saskatchewan,All,1998 / 1999,"31,278"
Saskatchewan,All,1999 / 2000,"31,452"
Saskatchewan,All,2000 / 2001,"31,587"
Saskatchewan,All,2001 / 2002,"32,193"
Saskatchewan,All,2002 / 2003,"34,395"
Saskatchewan,All,2003 / 2004,"34,686"
Saskatchewan,All,2004 / 2005,"33,192"
Saskatchewan,All,2005 / 2006,"20,622"
Saskatchewan,All,2006 / 2007,"20,604"
Saskatchewan,All,2007 / 2008,"20,607"
Saskatchewan,All,2008 / 2009,"19,224"
Saskatchewan,All,2009 / 2010,"31,368"
Saskatchewan,All,2010 / 2011,"31,539"
Saskatchewan,All,2011 / 2012,"32,916"
Saskatchewan,All,2012 / 2013,"34,215"
Saskatchewan,All,2013 / 2014,"34,443"
Saskatchewan,All,2014 / 2015,"34,596"
Saskatchewan,All,2015 / 2016,"35,169"
Saskatchewan,All,2016 / 2017,"36,054"
Saskatchewan,All,2017 / 2018,"37,560"
Saskatchewan,domestic,1992 / 1993,"31,929"
Saskatchewan,domestic,1993 / 1994,"30,738"
Saskatchewan,domestic,1994 / 1995,"30,327"
Saskatchewan,domestic,1995 / 1996,"30,654"
Saskatchewan,domestic,1996 / 1997,"30,384"
Saskatchewan,domestic,1997 / 1998,"30,228"
Saskatchewan,domestic,1998 / 1999,"30,168"
Saskatchewan,domestic,1999 / 2000,"30,195"
Saskatchewan,domestic,2000 / 2001,"30,267"
Saskatchewan,domestic,2001 / 2002,"30,768"
Saskatchewan,domestic,2002 / 2003,"32,700"
Saskatchewan,domestic,2003 / 2004,"32,694"
Saskatchewan,domestic,2004 / 2005,"31,155"
Saskatchewan,domestic,2005 / 2006,"19,413"
Saskatchewan,domestic,2006 / 2007,"19,398"
Saskatchewan,domestic,2007 / 2008,"19,401"
Saskatchewan,domestic,2008 / 2009,"17,694"
Saskatchewan,domestic,2009 / 2010,"28,725"
Saskatchewan,domestic,2010 / 2011,"28,695"
Saskatchewan,domestic,2011 / 2012,"29,613"
Saskatchewan,domestic,2012 / 2013,"30,540"
Saskatchewan,domestic,2013 / 2014,"30,303"
Saskatchewan,domestic,2014 / 2015,"30,204"
Saskatchewan,domestic,2015 / 2016,"30,576"
Saskatchewan,domestic,2016 / 2017,"31,377"
Saskatchewan,domestic,2017 / 2018,"32,556"
Saskatchewan,international,1992 / 1993,966
Saskatchewan,international,1993 / 1994,969
Saskatchewan,international,1994 / 1995,921
Saskatchewan,international,1995 / 1996,924
Saskatchewan,international,1996 / 1997,936
Saskatchewan,international,1997 / 1998,999
Saskatchewan,international,1998 / 1999,"1,110"
Saskatchewan,international,1999 / 2000,"1,260"
Saskatchewan,international,2000 / 2001,"1,320"
Saskatchewan,international,2001 / 2002,"1,425"
Saskatchewan,international,2002 / 2003,"1,692"
Saskatchewan,international,2003 / 2004,"1,992"
Saskatchewan,international,2004 / 2005,"2,037"
Saskatchewan,international,2005 / 2006,"1,206"
Saskatchewan,international,2006 / 2007,"1,206"
Saskatchewan,international,2007 / 2008,"1,206"
Saskatchewan,international,2008 / 2009,"1,527"
Saskatchewan,international,2009 / 2010,"2,643"
Saskatchewan,international,2010 / 2011,"2,844"
Saskatchewan,international,2011 / 2012,"3,303"
Saskatchewan,international,2012 / 2013,"3,675"
Saskatchewan,international,2013 / 2014,"4,137"
Saskatchewan,international,2014 / 2015,"4,389"
Saskatchewan,international,2015 / 2016,"4,593"
Saskatchewan,international,2016 / 2017,"4,677"
Saskatchewan,international,2017 / 2018,"4,794"
Alberta,All,1992 / 1993,"68,271"
Alberta,All,1993 / 1994,"68,769"
Alberta,All,1994 / 1995,"67,434"
Alberta,All,1995 / 1996,"67,917"
Alberta,All,1996 / 1997,"70,032"
Alberta,All,1997 / 1998,"71,418"
Alberta,All,1998 / 1999,"73,773"
Alberta,All,1999 / 2000,"81,552"
Alberta,All,2000 / 2001,"76,341"
Alberta,All,2001 / 2002,"79,131"
Alberta,All,2002 / 2003,"83,448"
Alberta,All,2003 / 2004,"86,097"
Alberta,All,2004 / 2005,"89,160"
Alberta,All,2005 / 2006,"91,377"
Alberta,All,2006 / 2007,"93,438"
Alberta,All,2007 / 2008,"93,453"
Alberta,All,2008 / 2009,"92,607"
Alberta,All,2009 / 2010,"124,308"
Alberta,All,2010 / 2011,"127,032"
Alberta,All,2011 / 2012,"128,883"
Alberta,All,2012 / 2013,"130,614"
Alberta,All,2013 / 2014,"130,506"
Alberta,All,2014 / 2015,"127,731"
Alberta,All,2015 / 2016,"127,632"
Alberta,All,2016 / 2017,"130,437"
Alberta,All,2017 / 2018,"133,032"
Alberta,domestic,1992 / 1993,"65,298"
Alberta,domestic,1993 / 1994,"65,880"
Alberta,domestic,1994 / 1995,"64,836"
Alberta,domestic,1995 / 1996,"65,664"
Alberta,domestic,1996 / 1997,"67,680"
Alberta,domestic,1997 / 1998,"69,045"
Alberta,domestic,1998 / 1999,"71,241"
Alberta,domestic,1999 / 2000,"78,228"
Alberta,domestic,2000 / 2001,"71,706"
Alberta,domestic,2001 / 2002,"74,430"
Alberta,domestic,2002 / 2003,"79,074"
Alberta,domestic,2003 / 2004,"80,463"
Alberta,domestic,2004 / 2005,"83,562"
Alberta,domestic,2005 / 2006,"85,119"
Alberta,domestic,2006 / 2007,"87,747"
Alberta,domestic,2007 / 2008,"87,582"
Alberta,domestic,2008 / 2009,"86,088"
Alberta,domestic,2009 / 2010,"115,926"
Alberta,domestic,2010 / 2011,"117,978"
Alberta,domestic,2011 / 2012,"118,647"
Alberta,domestic,2012 / 2013,"119,634"
Alberta,domestic,2013 / 2014,"118,710"
Alberta,domestic,2014 / 2015,"115,149"
Alberta,domestic,2015 / 2016,"114,639"
Alberta,domestic,2016 / 2017,"117,291"
Alberta,domestic,2017 / 2018,"119,223"
Alberta,international,1992 / 1993,"2,973"
Alberta,international,1993 / 1994,"2,889"
Alberta,international,1994 / 1995,"2,598"
Alberta,international,1995 / 1996,"2,256"
Alberta,international,1996 / 1997,"2,352"
Alberta,international,1997 / 1998,"2,370"
Alberta,international,1998 / 1999,"2,532"
Alberta,international,1999 / 2000,"3,324"
Alberta,international,2000 / 2001,"4,635"
Alberta,international,2001 / 2002,"4,701"
Alberta,international,2002 / 2003,"4,371"
Alberta,international,2003 / 2004,"5,631"
Alberta,international,2004 / 2005,"5,055"
Alberta,international,2005 / 2006,"5,187"
Alberta,international,2006 / 2007,"5,079"
Alberta,international,2007 / 2008,"5,580"
Alberta,international,2008 / 2009,"6,195"
Alberta,international,2009 / 2010,"8,124"
Alberta,international,2010 / 2011,"8,982"
Alberta,international,2011 / 2012,"10,101"
Alberta,international,2012 / 2013,"10,896"
Alberta,international,2013 / 2014,"11,694"
Alberta,international,2014 / 2015,"12,513"
Alberta,international,2015 / 2016,"12,846"
Alberta,international,2016 / 2017,"13,065"
Alberta,international,2017 / 2018,"13,734"
British Columbia,All,1992 / 1993,"66,171"
British Columbia,All,1993 / 1994,"66,888"
British Columbia,All,1994 / 1995,"69,381"
British Columbia,All,1995 / 1996,"71,502"
British Columbia,All,1996 / 1997,"74,580"
British Columbia,All,1997 / 1998,"75,303"
British Columbia,All,1998 / 1999,"76,749"
British Columbia,All,1999 / 2000,"73,407"
British Columbia,All,2000 / 2001,"73,974"
British Columbia,All,2001 / 2002,"79,002"
British Columbia,All,2002 / 2003,"81,537"
British Columbia,All,2003 / 2004,"85,236"
British Columbia,All,2004 / 2005,"91,059"
British Columbia,All,2005 / 2006,"111,135"
British Columbia,All,2006 / 2007,"117,216"
British Columbia,All,2007 / 2008,"118,350"
British Columbia,All,2008 / 2009,"155,688"
British Columbia,All,2009 / 2010,"166,953"
British Columbia,All,2010 / 2011,"171,840"
British Columbia,All,2011 / 2012,"174,015"
British Columbia,All,2012 / 2013,"176,562"
British Columbia,All,2013 / 2014,"179,817"
British Columbia,All,2014 / 2015,"177,747"
British Columbia,All,2015 / 2016,"178,503"
British Columbia,All,2016 / 2017,"179,349"
British Columbia,All,2017 / 2018,"187,179"
British Columbia,domestic,1992 / 1993,"62,316"
British Columbia,domestic,1993 / 1994,"63,045"
British Columbia,domestic,1994 / 1995,"65,286"
British Columbia,domestic,1995 / 1996,"67,500"
British Columbia,domestic,1996 / 1997,"70,533"
British Columbia,domestic,1997 / 1998,"70,959"
British Columbia,domestic,1998 / 1999,"72,114"
British Columbia,domestic,1999 / 2000,"69,309"
British Columbia,domestic,2000 / 2001,"69,540"
British Columbia,domestic,2001 / 2002,"73,800"
British Columbia,domestic,2002 / 2003,"75,681"
British Columbia,domestic,2003 / 2004,"77,715"
British Columbia,domestic,2004 / 2005,"80,793"
British Columbia,domestic,2005 / 2006,"98,223"
British Columbia,domestic,2006 / 2007,"103,167"
British Columbia,domestic,2007 / 2008,"103,911"
British Columbia,domestic,2008 / 2009,"138,597"
British Columbia,domestic,2009 / 2010,"147,393"
British Columbia,domestic,2010 / 2011,"150,543"
British Columbia,domestic,2011 / 2012,"149,358"
British Columbia,domestic,2012 / 2013,"149,922"
British Columbia,domestic,2013 / 2014,"150,333"
British Columbia,domestic,2014 / 2015,"145,494"
British Columbia,domestic,2015 / 2016,"144,270"
British Columbia,domestic,2016 / 2017,"142,581"
British Columbia,domestic,2017 / 2018,"145,605"
British Columbia,international,1992 / 1993,"3,858"
British Columbia,international,1993 / 1994,"3,843"
British Columbia,international,1994 / 1995,"4,098"
British Columbia,international,1995 / 1996,"3,999"
British Columbia,international,1996 / 1997,"4,047"
British Columbia,international,1997 / 1998,"4,341"
British Columbia,international,1998 / 1999,"4,638"
British Columbia,international,1999 / 2000,"4,098"
British Columbia,international,2000 / 2001,"4,431"
British Columbia,international,2001 / 2002,"5,202"
British Columbia,international,2002 / 2003,"5,856"
British Columbia,international,2003 / 2004,"7,524"
British Columbia,international,2004 / 2005,"10,266"
British Columbia,international,2005 / 2006,"12,912"
British Columbia,international,2006 / 2007,"14,046"
British Columbia,international,2007 / 2008,"14,439"
British Columbia,international,2008 / 2009,"17,094"
British Columbia,international,2009 / 2010,"19,560"
British Columbia,international,2010 / 2011,"21,300"
British Columbia,international,2011 / 2012,"24,654"
British Columbia,international,2012 / 2013,"26,643"
British Columbia,international,2013 / 2014,"29,484"
British Columbia,international,2014 / 2015,"32,256"
British Columbia,international,2015 / 2016,"34,233"
British Columbia,international,2016 / 2017,"36,771"
British Columbia,international,2017 / 2018,"41,559"
Territories,All,1992 / 1993,0
Territories,All,1993 / 1994,0
Territories,All,1994 / 1995,0
Territories,All,1995 / 1996,0
Territories,All,1996 / 1997,0
Territories,All,1997 / 1998,0
Territories,All,1998 / 1999,0
Territories,All,1999 / 2000,0
Territories,All,2000 / 2001,0
Territories,All,2001 / 2002,0
Territories,All,2002 / 2003,0
Territories,All,2003 / 2004,0
Territories,All,2004 / 2005,0
Territories,All,2005 / 2006,0
Territories,All,2006 / 2007,0
Territories,All,2007 / 2008,0
Territories,All,2008 / 2009,0
Territories,All,2009 / 2010,0
Territories,All,2010 / 2011,0
Territories,All,2011 / 2012,0
Territories,All,2012 / 2013,0
Territories,All,2013 / 2014,0
Territories,All,2014 / 2015,0
Territories,All,2015 / 2016,0
Territories,All,2016 / 2017,0
Territories,All,2017 / 2018,0
Territories,domestic,1992 / 1993,0
Territories,domestic,1993 / 1994,0
Territories,domestic,1994 / 1995,0
Territories,domestic,1995 / 1996,0
Territories,domestic,1996 / 1997,0
Territories,domestic,1997 / 1998,0
Territories,domestic,1998 / 1999,0
Territories,domestic,1999 / 2000,0
Territories,domestic,2000 / 2001,0
Territories,domestic,2001 / 2002,0
Territories,domestic,2002 / 2003,0
Territories,domestic,2003 / 2004,0
Territories,domestic,2004 / 2005,0
Territories,domestic,2005 / 2006,0
Territories,domestic,2006 / 2007,0
Territories,domestic,2007 / 2008,0
Territories,domestic,2008 / 2009,0
Territories,domestic,2009 / 2010,0
Territories,domestic,2010 / 2011,0
Territories,domestic,2011 / 2012,0
Territories,domestic,2012 / 2013,0
Territories,domestic,2013 / 2014,0
Territories,domestic,2014 / 2015,0
Territories,domestic,2015 / 2016,0
Territories,domestic,2016 / 2017,0
Territories,domestic,2017 / 2018,0
Territories,international,1992 / 1993,0
Territories,international,1993 / 1994,0
Territories,international,1994 / 1995,0
Territories,international,1995 / 1996,0
Territories,international,1996 / 1997,0
Territories,international,1997 / 1998,0
Territories,international,1998 / 1999,0
Territories,international,1999 / 2000,0
Territories,international,2000 / 2001,0
Territories,international,2001 / 2002,0
Territories,international,2002 / 2003,0
Territories,international,2003 / 2004,0
Territories,international,2004 / 2005,0
Territories,international,2005 / 2006,0
Territories,international,2006 / 2007,0
Territories,international,2007 / 2008,0
Territories,international,2008 / 2009,0
Territories,international,2009 / 2010,0
Territories,international,2010 / 2011,0
Territories,international,2011 / 2012,0
Territories,international,2012 / 2013,0
Territories,international,2013 / 2014,0
Territories,international,2014 / 2015,0
Territories,international,2015 / 2016,0
Territories,international,2016 / 2017,0
Territories,international,2017 / 2018,0
