Province,City,University,Total students ,International,Total Residence Capacity,Number of residence,Contacted,notes,Sent,
Alberta,Edmonton,Grant MacEwan University,"19,101",,863,1,Yes,exact number based on email to university,,
Alberta,Calgary,Mount Royal University,"14,258",,1000,2,No,approximate number based on university website,,
Alberta,,University of Alberta,,,,12,Yes,,sent,
Alberta,,University of Calgary,,,,8,not yet,residence@ucalgary.ca,sent,
Alberta,,University of Lethbridge,,,,6,not yet,inquiries@uleth.ca,sent,
Alberta,,Alberta University of the Arts,,,,2,not yet,residence@sait.ca,sent,
Alberta,,The King's University (private),,,,2(?),not yet,housing@kingsu.ca,sent,
British Columbia,North Vancouver,Capilano University,"12,700",,290,3,no,"housing@capilanou.ca, number is approximate, based on website",,
British Columbia,,Emily Carr University if Arts and Design,,,,0,no,All accomodations are off-campus. They provide resourses to find housing off-campus,,
British Columbia,,Kwantlen Polytechnic,,,,0,no,All accomodations are off-campus. They provide resourses to find housing off-campus,,
British Columbia,,Royal Roads University,,,,2,not yet,guestservices@royalroads.ca,sent,
British Columbia,"Vancouver, Sussey, Burnaby",Simon Fraser University,"34,990",,1624,6,no,obtained from website,,
British Columbia,"Kamloops, Williams lake",Thompson Rivers University,"13,443",,1122,3,no,obtained from website,,
British Columbia,Vancouver,UBC,"66,266",,12975,16,no,obtained from website,,
British Columbia,,U Victoria,,,,7,not yet,housing@uvic.ca,sent,
British Columbia,,University of Fraser Valley,,,,1(?),not yet,residence@ufv.ca,sent,200 students in University accomodation
British Columbia,,University of Northern BC,,,,2,not yet,housing@unbc.ca,sent,
British Columbia,,Vancouver Island University,,,,10,not yet,residence@viu.ca,sent,
British Columbia,,"Fairleish Disckson University (private, branch)",,,,0,no,All accomodations are off-campus. They provide resourses to find housing off-campus,,
British Columbia,,"New York Institue of Technology (private, branch)",,,,0,no,All accomodations are off-campus. They provide resourses to find housing off-campus,,
British Columbia,,Quest University (private),,,,4,not yet,no obvious email address found. just phone numbers,,
British Columbia,,Trinity Western University (private),,,,7,not yet,housing@twu.ca,,
British Columbia,,University of Canada West (private),,,,0,no,All accomodations are off-campus. They provide resourses to find housing off-campus,,
Ontario,,Algonma University,,,,3,not yet,rose.linklater@algomau.ca,sent,
Ontario,Niagara,Brock University,"19,000",,2500,8,not yet,liaison@brocku.ca,sent,
Ontario,Ottawa,Carleton University,,,3606,11,no ,obtained from website,,
Ontario,Thunder Bay,Lakehead University,,,240,6(?),not yet,"orillia@lakeheadu.ca and tbay@lakeheadu.ca, 2 campuses so need to check both",sent,
Ontario,Sudbury,Laurentian University,,,1609,8,no,obtained from website,,
Ontario,Hamilton,McMaster University,,,3578,12,no,obtained from website,,
Ontario,,Nipissing University,,,,4,not yet,residence@nipissingu.ca,sent,
Ontario,,Ontario College of Art and Design University (OCAD),,,,0,no,All accomodations are off-campus. They provide resourses to find housing off-campus,,
Ontario,Kingston,Queen's University,"25,260",,4666,17,not yet,reshouse@queensu.ca,sent,
Ontario,Toronto,Ryerson University,"45,000",,1417,3,no,obtained from website,,
Ontario,,Trent University,,,,12,not yet,residence@trentu.ca,sent,
Ontario,,Universite de l'Ontario francais,,,,0,no,the university has not opened yet. It doesn't appear to have plans for on-campus residence,,
Ontario,Guelph,University of Guelph,,,4210,13,no,obtained from website,,
Ontario,,Ontario Tech University,,,,6,not yet,info@dc-otresidence.ca,sent,
Ontario,Ottawa,University of Ottawa,41000,"7,000",3482,11,not yet,"residence@uOttawa.ca, their total EXCLUDES one residence building: The Annex",sent,
Ontario,,University of Toronto,,,,22,not yet,"resdesk.utm@utoronto.ca, 22 across 3 campuses",sent,
Ontario,Waterloo,University of Waterloo,,,5724,8,no,obtained from website,,
Ontario,London,Western University,24000,,5303,9,no,obtained from website,,
Ontario,,University of Windsor,,,,4,not yet,resservices@uwindsor.ca,sent,
Ontario,,Wilfrid Laurier University,,,,22,not yet,"22 buildings across 2 campuses. waterloo campus: housing@wlu.ca, Brantford campus: brantfordresidence@wlu.ca",sent,
Ontario,Toronto,York University,"55,700",,https://studenthousing.info.yorku.ca/undergrad/current/ ,8,not yet,undergradres@yorku.ca,sent,
Ontario,New York,Niagrara University (private),"3,763",,1444,7,no,obtained from website,,
Ontario,,Tyndale University (private),,,,1,not yet,kdarley@tyndale.ca,sent,
Ontario,Hamilton,Redeemer University College (private),,,380,2,no,obtained from website,,
Quebec,,Bishop's University,,,,6,not yet,residence@ubishops.ca,english,sent
Quebec,Montreal,Concordia University,"46,829",,902,4,not yet,obtained from website,,
Quebec,Montreal,Ecole de technologie superieure,"10,600",,1125,3,no,obtained from website,,
Quebec,,Ecole nationale d'administration publique,,,,0,no,they have a partnership with University of Quebec for students who need residence,,
Quebec,,Institut national de la recherche scientifique,,,,0,no,they have a partnership with University of Quebec for students who need residence,,
Quebec,Montreal,McGill University,"40,036",,3469,16,no,obtained from website,,
Quebec,Montreal,Universite de Montreal,"67,632",,1110 (?),1(?),not yet,info@zumresidences.ca,,sent
Quebec,Montreal,Universite de Sherbrooke,"40,000",,770,2,not yet,residences@USherbrooke.ca,,sent
Quebec,Quebec city,Universite Laval,"43,000",,2300,4,yes,sres@sres.ulaval.ca,bi-lingual,sent
Quebec,,Universite du Quebec en Abilibi-Temisscamingue,,,,2,not yet,martin.gibson@uqat.ca,,sent
Quebec,Quebec city,Universite du Quebec en Outaouais,"6,017",,218,2,no,obtained from website,,
Quebec,Saguenay,Universite du Quebec a Chicoutimi,,,250,7,no,obtained from website,,
Quebec,Montreal,Universite du Quebec a Montreal,"43,314",,929,2,no,obtained from website,,
Quebec,Rimouski,Universite du Quebec a Rimouski,"6,700",,314,1,no,obtained from website,,
Quebec,,Universite du Quebec a Trois-Rivieres,,,,2(?),not yet,Julie.Bourassa@uqtr.ca,,sent