PROVINCE,UNIVERSITY,PRICE,BEDS,AVG_PRICE,MEDIAN_PRICE
AB,Grant MacEwan University,1164117.0,1723.0,675.6337782936738,975.0
AB,Mount Royal University,43390.0,51.0,850.7843137254902,1125.0
AB,University of Alberta,213577.0,261.0,818.3026819923372,1025.0
AB,University of Calgary,536869.0,570.0,941.8754385964912,1250.0
AB,University of Lethbridge,6689.0,12.0,557.4166666666666,962.5
BC,Capilano University,103806.0,65.5,1584.824427480916,2500.0
BC,Kwantlen Polytechnic University,1275.0,2.0,637.5,637.5
BC,Simon Fraser University,110154.0,87.0,1266.1379310344828,1750.5
BC,Thompson Rivers University,28628.0,31.0,923.483870967742,1342.0
BC,University of British Columbia,37775.0,20.5,1842.6829268292684,1800.0
BC,University of British Columbia - Okanagan,30245.0,33.0,916.5151515151515,1377.5
BC,University of Northern British Columbia,980.0,2.0,490.0,490.0
BC,University of Victoria,10321.0,15.0,688.0666666666667,700.0
BC,Vancouver Island University,12785.0,15.0,852.3333333333334,1250.0
ON,Algoma University,2425.0,5.0,485.0,525.0
ON,Brock University,119667.0,137.0,873.4817518248175,1200.0
ON,Carleton University,474999.0,447.0,1062.6375838926174,1655.0
ON,Lakehead University,16302.0,22.0,741.0,1002.0
ON,Lakehead University - Orillia Campus,16818.0,20.0,840.9,1530.0
ON,Laurentian University,58820.0,75.0,784.2666666666667,1299.5
ON,McMaster University,222720.0,246.0,905.3658536585366,1250.0
ON,Queens University,81682.0,90.0,907.5777777777778,1340.0
ON,Ryerson University,1233452.67,678.0,1819.2517256637168,2200.0
ON,Trent University,9330.0,10.0,933.0,1315.0
ON,Universite du Quebec en Outaouais,116209.0,86.0,1351.2674418604652,1699.0
ON,University of Guelph,93586.0,102.0,917.5098039215686,1542.5
ON,University of Ottawa,123725.0,123.0,1005.8943089430894,1299.0
ON,University of Toronto,367951.0,275.0,1338.0036363636364,1851.5
ON,University of Waterloo,199154.0,242.5,821.2536082474227,1150.0
ON,University of Western Ontario,403807.0,468.0,862.8354700854701,1375.0
ON,University of Windsor,26615.0,41.0,649.1463414634146,650.0
ON,Wilfrid Laurier University,144829.0,154.0,940.4480519480519,1395.0
ON,York University,211929.0,198.0,1070.3484848484848,1790.0
QC,Concordia University,623601.0,556.0,1121.5845323741007,1477.0
QC,Ecole De Technologie Superieure U Du Quebec,561503.0,484.0,1160.1301652892562,1495.0
QC,McGill University,581166.0,506.0,1148.5494071146245,1495.0
QC,Universite Du Quebec A Montreal,606928.0,531.0,1142.9905838041432,1499.0
QC,Universite Laval,57405.0,75.0,765.4,1025.0
QC,Universite de Montreal,248760.0,240.0,1036.5,1322.5
QC,Universite du Quebec,56645.0,74.0,765.472972972973,1026.0
QC,Universite du Quebec en Outaouais,4278.0,7.0,611.1428571428571,1074.0
QC,University of Ottawa,2148.0,5.0,429.6,1074.0
